"","iso_code","location","continent","total_cases","total_deaths","total_vaccinations","population","population_density","median_age","aged_65_older","gdp_per_capita","life_expectancy","mil_exp_2000USD"
"1","ABW","Aruba","North America",20461,181,NA,107195,584.8,41.2,13.085,35973.781,76.29,NA
"2","AFG","Afghanistan","Asia",158084,7356,NA,39835428,54.422,18.6,2.581,1803.987,64.83,103647294.6
"3","AGO","Angola","Africa",81593,1770,NA,33933611,23.89,16.8,2.405,5819.495,61.15,1371599198
"4","AIA","Anguilla","North America",1674,5,NA,15125,NA,NA,NA,NA,81.88,NA
"5","ALB","Albania","Europe",210224,3217,NA,2872934,104.871,38,13.188,11803.431,78.57,121785571.1
"6","AND","Andorra","Europe",23740,140,NA,77354,163.755,NA,NA,NA,83.73,NA
"7","ARE","United Arab Emirates","Asia",761937,2164,NA,9991083,112.442,34,1.144,67293.483,77.97,8189863727
"8","ARG","Argentina","South America",5654408,117169,76606972,45605823,16.177,31.9,11.198,18933.907,76.67,1617761523
"9","ARM","Armenia","Asia",344930,7972,NA,2968128,102.931,35.7,11.232,8787.58,75.09,158925851.7
"10","ATG","Antigua and Barbuda","North America",4283,119,NA,98728,231.845,32.1,6.933,21490.943,77.02,4318637.275
"11","AUS","Australia","Oceania",425496,2253,42580539,25788217,3.202,37.9,15.504,44648.71,83.44,14863022040
"12","AUT","Austria","Europe",1278619,13733,15687902,9043072,106.749,44.4,19.202,45436.686,81.54,2271603206
"13","AZE","Azerbaijan","Asia",616947,8358,11346166,10223344,119.309,32.4,6.018,15847.419,73,568332665.3
"14","BDI","Burundi","Africa",27366,38,NA,12255429,423.062,17.5,2.562,702.225,61.58,63915831.66
"15","BEL","Belgium","Europe",2105343,28331,21692181,11632334,375.564,41.8,18.571,42658.576,81.63,3708845691
"16","BEN","Benin","Africa",24935,161,NA,12451031,99.11,18.8,3.244,2064.236,61.77,42322645.29
"17","BES","Bonaire Sint Eustatius and Saba","North America",3406,23,NA,26445,NA,NA,NA,NA,77.79,NA
"18","BFA","Burkina Faso","Africa",17632,318,NA,21497097,70.151,17.6,2.409,1703.102,61.58,62188376.75
"19","BGD","Bangladesh","Asia",1585539,28072,NA,166303494,1265.036,27.5,5.098,3523.984,72.59,810176352.7
"20","BGR","Bulgaria","Europe",747108,30955,3700660,6896655,65.18,44.7,20.801,18563.307,75.05,607200400.8
"21","BHR","Bahrain","Asia",282062,1394,3226201,1748295,1935.907,32.4,2.372,43290.705,77.29,459503006
"22","BHS","Bahamas","North America",24476,717,NA,396914,39.497,34.3,8.996,27717.847,73.92,41458917.84
"23","BIH","Bosnia and Herzegovina","Europe",291313,13442,NA,3263459,68.496,42.5,16.569,11713.895,77.4,154607214.4
"24","BLR","Belarus","Europe",699110,5578,NA,9442867,46.858,40.3,14.799,17167.967,74.79,402496994
"25","BLZ","Belize","North America",32840,602,NA,404915,16.426,25,3.853,7824.362,74.62,15547094.19
"26","BMU","Bermuda","North America",6420,110,NA,62092,1308.82,NA,NA,50669.315,82.59,NA
"27","BOL","Bolivia","South America",599753,19680,9792844,11832936,10.202,25.4,6.704,6885.829,71.51,134741483
"28","BRA","Brazil","South America",22291839,619334,331273910,213993441,25.04,33.5,8.552,14103.452,75.88,13997567130
"29","BRB","Barbados","North America",28565,260,299629,287708,664.463,39.8,14.952,16978.068,79.19,23320641.28
"30","BRN","Brunei","Asia",15470,98,898401,441532,81.347,32.4,4.591,71809.251,75.86,283302605.2
"31","BTN","Bhutan","Asia",2660,3,NA,779900,21.188,28.6,4.885,8708.597,71.78,NA
"32","BWA","Botswana","Africa",219509,2444,NA,2397240,4.044,25.8,3.941,15807.374,69.59,249617234.5
"33","CAF","Central African Republic","Africa",12163,101,NA,4919987,7.479,18.3,3.655,661.24,53.28,13819639.28
"34","CAN","Canada","North America",2182760,30319,68756211,38067913,4.037,41.4,16.984,44017.591,82.43,13044875750
"35","CHE","Switzerland","Europe",1332615,12217,13841354,8715494,214.243,43.1,18.436,57410.166,83.78,2999725451
"36","CHL","Chile","South America",1806494,39115,44313884,19212362,24.282,35.4,11.087,22767.037,80.18,4039653307
"37","CHN","China","Asia",102314,4636,2835332000,1444216102,147.674,38.7,10.641,15308.712,76.91,30423072140
"38","CIV","Cote d'Ivoire","Africa",71004,714,7113233,27053629,76.399,18.7,2.933,3601.006,57.78,229751503
"39","CMR","Cameroon","Africa",109367,1851,NA,27224262,50.885,18.8,3.165,3364.926,59.29,221977955.9
"40","COD","Democratic Republic of Congo","Africa",74793,1205,NA,92377986,35.879,17,3.02,808.133,60.68,140787575.2
"41","COG","Congo","Africa",20089,367,NA,5657017,15.405,19,3.402,4881.406,64.57,72553106.21
"42","COK","Cook Islands","Oceania",2,NA,NA,17572,NA,NA,NA,NA,76.25,NA
"43","COL","Colombia","South America",5157440,129942,64690489,51265841,44.223,32.2,7.646,13254.949,77.29,4644262525
"44","COM","Comoros","Africa",6515,157,581547,888456,437.352,20.4,2.963,1413.89,64.32,NA
"45","CPV","Cape Verde","Africa",41732,352,NA,561901,135.58,25.7,4.46,6222.554,72.98,6046092.184
"46","CRI","Costa Rica","North America",570556,7353,NA,5139053,96.079,33.6,9.468,15524.995,80.28,106238477
"47","CUB","Cuba","North America",966004,8322,30874045,11317498,110.408,43.1,14.738,NA,78.8,1440697395
"48","CUW","Curacao","North America",21325,189,217092,164796,362.644,41.7,16.367,NA,78.88,NA
"49","CYM","Cayman Islands","North America",8818,11,NA,66498,256.496,NA,NA,49903.029,83.92,NA
"50","CYP","Cyprus","Europe",166827,638,NA,896005,127.657,37.3,13.416,32415.132,80.98,207294589.2
"51","CZE","Czechia","Europe",2475729,36129,15491191,10724553,137.176,43.3,19.027,32605.906,79.38,2079855711
"52","DEU","Germany","Europe",7193186,112111,150217064,83900471,237.016,46.6,21.453,45229.245,81.33,32783639280
"53","DJI","Djibouti","Africa",13656,189,NA,1002197,41.285,25.4,4.213,2705.406,67.11,14683366.73
"54","DMA","Dominica","North America",6814,47,NA,72172,98.567,NA,NA,9673.367,75,NA
"55","DNK","Denmark","Europe",802397,3267,12116257,5813302,136.52,42.3,19.677,46682.515,80.9,3369400802
"56","DOM","Dominican Republic","North America",418778,4247,14086551,10953714,222.873,27.6,6.981,14600.861,74.08,221114228.5
"57","DZA","Algeria","Africa",218432,6276,NA,44616626,17.348,29.1,6.211,13913.839,76.88,2674100200
"58","ECU","Ecuador","South America",549418,33681,27566331,17888474,66.939,28.1,7.104,10581.936,77.01,564014028.1
"59","EGY","Egypt","Africa",385575,21752,NA,104258327,97.999,25.3,5.159,10550.206,71.99,3745985972
"60","ERI","Eritrea","Africa",8011,76,NA,3601462,44.304,19.3,3.607,1510.459,66.32,NA
"61","ESP","Spain","Europe",6294745,89405,NA,46745211,93.105,45.5,19.436,34272.36,83.56,12424719440
"62","EST","Estonia","Europe",241408,1932,1808984,1325188,31.033,42.7,19.452,29481.252,78.74,205567134.3
"63","ETH","Ethiopia","Africa",420342,6937,10916152,117876226,104.957,19.8,3.526,1729.927,66.6,297985971.9
"64","FIN","Finland","Europe",270829,1714,9616819,5548361,18.136,42.8,21.228,40585.721,81.91,2375250501
"65","FJI","Fiji","Oceania",53332,698,NA,902899,49.562,28.6,6.224,8702.975,67.44,37140280.56
"66","FLK","Falkland Islands","South America",83,NA,NA,3528,NA,NA,NA,NA,81.44,NA
"67","FRA","France","Europe",10018021,123805,123977754,67422000,122.578,42,19.718,38605.671,82.66,46918539080
"68","FRO","Faeroe Islands","Europe",5764,14,NA,49053,35.308,NA,NA,NA,80.67,NA
"69","FSM","Micronesia (country)","Oceania",1,NA,NA,116255,150.777,23,4.81,3299.464,67.88,NA
"70","GAB","Gabon","Africa",41798,288,NA,2278829,7.859,23.1,4.45,16562.413,66.47,95873747.49
"71","GBR","United Kingdom","Europe",12965393,148737,133312817,68207114,272.898,40.8,18.517,39753.244,81.32,51759731460
"72","GEO","Georgia","Asia",934741,13800,NA,3979773,65.032,38.7,14.864,9745.079,73.77,292803607.2
"73","GGY","Guernsey","Europe",NA,NA,NA,63385,NA,NA,NA,NA,NA,NA
"74","GHA","Ghana","Africa",142986,1295,NA,31732128,126.719,21.1,3.385,4227.63,64.07,71689378.76
"75","GIB","Gibraltar","Europe",8701,100,NA,33691,3457.1,NA,NA,NA,79.93,NA
"76","GIN","Guinea","Africa",32051,391,2952253,13497237,51.755,19,3.135,1998.926,61.6,31094188.38
"77","GMB","Gambia","Africa",10170,343,NA,2486937,207.566,17.5,2.339,1561.767,62.05,2591182.365
"78","GNB","Guinea-Bissau","Africa",6484,149,NA,2015490,66.191,19.4,3.002,1548.675,58.32,11228456.91
"79","GNQ","Equatorial Guinea","Africa",13710,175,NA,1449891,45.194,22.4,2.846,22604.873,58.74,6909819.639
"80","GRC","Greece","Europe",1210853,20790,17267126,10370747,83.479,45.3,20.396,24574.382,82.24,6293118236
"81","GRD","Grenada","North America",6181,200,NA,113015,317.132,29.4,7.304,13593.877,72.4,NA
"82","GRL","Greenland","North America",2611,1,NA,56868,0.137,NA,NA,NA,71.7,NA
"83","GTM","Guatemala","North America",628359,16107,11310579,18249868,157.834,22.9,4.694,7423.808,74.3,126104208.4
"84","GUY","Guyana","South America",39573,1054,NA,790329,3.952,26.3,5.305,7435.047,69.91,NA
"85","HKG","Hong Kong","Asia",12649,213,9925640,7552800,7039.714,44.8,16.303,56054.92,84.86,NA
"86","HND","Honduras","North America",379402,10433,NA,10062994,82.805,24.9,4.652,4541.795,75.27,47505010.02
"87","HRV","Croatia","Europe",715245,12538,4729751,4081657,73.726,44,19.724,22669.797,78.49,598563126.3
"88","HTI","Haiti","North America",25985,766,NA,11541683,398.448,24.3,4.8,1653.173,64,NA
"89","HUN","Hungary","Europe",1256415,39186,NA,9634162,108.043,43.4,18.577,26777.561,76.88,1220446894
"90","IDN","Indonesia","Asia",4262720,144094,274749184,276361788,145.725,29.3,5.319,11188.744,71.72,3148286573
"91","IMN","Isle of Man","Europe",13641,67,177816,85410,147.872,NA,NA,NA,81.4,NA
"92","IND","India","Asia",34861579,481486,1448865422,1393409033,450.419,28.2,5.989,6426.674,69.66,19371679360
"93","IRL","Ireland","Europe",788559,5912,9784663,4982904,69.874,38.7,13.928,67335.293,82.3,961328657.3
"94","IRN","Iran","Asia",6194401,131606,NA,85028760,49.831,32.4,5.44,19082.62,76.68,7377096192
"95","IRQ","Iraq","Asia",2093740,24158,NA,41179351,88.125,20,3.186,15663.986,70.6,NA
"96","ISL","Iceland","Europe",27059,37,NA,368792,3.404,37.3,14.431,46482.958,82.99,39731462.93
"97","ISR","Israel","Asia",1383932,8243,16753878,9291000,402.606,30.6,11.733,33132.32,82.97,10003691380
"98","ITA","Italy","Europe",6125683,137402,111322736,60367471,205.859,47.9,23.021,35220.084,83.51,28752623250
"99","JAM","Jamaica","North America",93920,2473,NA,2973462,266.879,31.4,9.684,8193.571,74.47,49232464.93
"100","JEY","Jersey","Europe",NA,NA,NA,101073,NA,NA,NA,NA,NA,NA
"101","JOR","Jordan","Asia",1063405,12653,NA,10269022,109.285,23.2,3.81,8337.49,74.53,963056112.2
"102","JPN","Japan","Asia",1732296,18389,NA,126050796,347.778,48.2,27.049,39002.223,84.63,35537202400
"103","KAZ","Kazakhstan","Asia",1072518,18211,17501273,18994958,6.681,30.6,6.991,24055.588,73.6,690981963.9
"104","KEN","Kenya","Africa",295028,5378,NA,54985702,87.324,20,2.686,2993.028,66.7,343763527.1
"105","KGZ","Kyrgyzstan","Asia",184689,2802,2255224,6628347,32.333,26.3,4.489,3393.474,71.45,31094188.38
"106","KHM","Cambodia","Asia",120493,3012,30456720,16946446,90.672,25.6,4.412,3645.07,69.82,106238477
"107","KIR","Kiribati","Oceania",2,NA,NA,121388,143.701,23.2,3.895,1981.132,68.37,NA
"108","KNA","Saint Kitts and Nevis","North America",2999,28,NA,53546,212.865,NA,NA,24654.385,76.23,NA
"109","KOR","South Korea","Asia",635253,5625,103791235,51305184,527.967,43.4,13.914,35938.374,83.03,21286563130
"110","KWT","Kuwait","Asia",417135,2468,NA,4328553,232.128,33.7,2.345,65530.537,75.49,3035138277
"111","LAO","Laos","Asia",111060,372,NA,7379358,29.715,24.4,4.029,6397.36,67.92,11228456.91
"112","LBN","Lebanon","Asia",727930,9119,4379487,6769151,594.561,31.1,8.514,13367.565,78.93,508735470.9
"113","LBR","Liberia","Africa",6278,287,NA,5180208,49.127,19.2,3.057,752.788,64.1,NA
"114","LBY","Libya","Africa",388734,5710,NA,6958538,3.623,29,4.424,17881.509,72.91,512190380.8
"115","LCA","Saint Lucia","North America",13570,295,104994,184401,293.187,34.9,9.721,12951.839,76.2,NA
"116","LIE","Liechtenstein","Europe",6131,69,63008,38254,237.012,NA,NA,NA,82.49,NA
"117","LKA","Sri Lanka","Asia",587245,14979,33841264,21497306,341.955,34.1,10.069,11669.077,76.98,745396793.6
"118","LSO","Lesotho","Africa",28408,665,830779,2159067,73.562,22.2,4.506,2851.153,54.33,30230460.92
"119","LTU","Lithuania","Europe",519597,7387,4131527,2689862,45.135,43.5,19.002,29524.265,75.93,304895791.6
"120","LUX","Luxembourg","Europe",103766,915,1076380,634814,231.447,39.7,14.312,94277.965,82.25,219386773.5
"121","LVA","Latvia","Europe",276674,4570,2556107,1866934,31.212,43.9,19.754,25063.846,75.29,274665330.7
"122","MAC","Macao","Asia",79,NA,NA,658391,20546.766,39.2,9.798,104861.851,84.24,NA
"123","MAR","Morocco","Africa",963092,14849,NA,37344787,80.08,29.6,6.769,7485.013,76.68,1866515030
"124","MCO","Monaco","Europe",4985,38,NA,39520,19347.5,NA,NA,NA,86.75,NA
"125","MDA","Moldova","Europe",376155,10275,1776513,4024025,123.655,37.6,10.864,5189.972,71.9,11228456.91
"126","MDG","Madagascar","Africa",50279,1027,NA,28427333,43.951,19.6,2.929,1416.44,67.04,46641282.57
"127","MDV","Maldives","Asia",95700,262,NA,543620,1454.433,30.6,4.12,15183.616,78.92,48368737.47
"128","MEX","Mexico","North America",3979723,299428,NA,130262220,66.444,29.3,6.857,17336.469,75.05,2788975952
"129","MHL","Marshall Islands","Oceania",4,NA,NA,59618,295.15,NA,NA,3819.202,73.7,NA
"130","MKD","North Macedonia","Europe",225049,7960,NA,2082661,82.6,39.1,13.26,13111.214,75.8,115739479
"131","MLI","Mali","Africa",21008,660,NA,20855724,15.196,16.4,2.519,2014.306,59.31,114012024
"132","MLT","Malta","Europe",52473,476,1072274,516100,1454.037,42.4,19.426,36513.323,82.53,39731462.93
"133","MMR","Myanmar","Asia",530834,19268,NA,54806014,81.721,29.1,5.732,5591.597,67.13,6275843687
"134","MNE","Montenegro","Europe",170034,2411,634517,628051,46.28,39.1,14.762,16409.288,76.88,45777555.11
"135","MNG","Mongolia","Asia",692621,2059,5340605,3329282,1.98,28.6,4.031,11840.846,69.87,33685370.74
"136","MOZ","Mozambique","Africa",189080,2006,NA,32163045,37.728,17.7,3.158,1136.103,60.85,49232464.93
"137","MRT","Mauritania","Africa",41473,866,NA,4775110,4.289,20.3,3.138,3597.633,64.92,15547094.19
"138","MSR","Montserrat","North America",46,1,NA,4981,NA,NA,NA,NA,74.16,NA
"139","MUS","Mauritius","Africa",68480,786,NA,1273428,622.962,37.4,10.945,20292.745,74.99,9501002.004
"140","MWI","Malawi","Africa",75075,2364,1800908,19647681,197.519,18.1,2.979,1095.042,64.26,33685370.74
"141","MYS","Malaysia","Asia",2758086,31487,57775535,32776195,96.254,29.9,6.293,26808.164,76.16,2769110220
"142","NAM","Namibia","Africa",147974,3633,NA,2587344,3.078,22,3.552,9541.808,63.71,170154308.6
"143","NCL","New Caledonia","Oceania",12826,281,NA,288217,15.342,33.4,9.954,NA,77.55,NA
"144","NER","Niger","Africa",7405,275,NA,25130810,16.955,15.1,2.553,926,62.42,32821643.29
"145","NGA","Nigeria","Africa",241513,3030,14838199,211400704,209.588,18.1,2.751,5338.454,54.69,663342685.4
"146","NIC","Nicaragua","North America",17487,217,NA,6702379,51.667,27.3,5.445,5321.444,74.48,30230460.92
"147","NLD","Netherlands","Europe",3137942,20999,NA,17173094,508.544,43.2,18.779,48472.545,82.28,8793609218
"148","NOR","Norway","Europe",394259,1305,9774530,5465629,14.462,39.7,16.821,64800.057,82.4,4285815631
"149","NPL","Nepal","Asia",828431,11594,NA,29674920,204.43,25,5.809,2442.804,70.78,134741483
"150","NRU","Nauru","Oceania",NA,NA,NA,10873,682.45,NA,NA,12895.635,59.96,NA
"151","NZL","New Zealand","Oceania",14118,51,8185902,5126300,18.206,37.9,15.322,36085.843,82.29,1333595190
"152","OMN","Oman","Asia",305489,4116,NA,5223376,14.98,30.7,2.355,37960.709,77.86,2829571142
"153","OWID_AFR","Africa","",9756168,228453,303475829,1373486472,NA,NA,NA,NA,NA,NA
"154","OWID_ASI","Asia","",84923706,1259664,6224374581,4678444992,NA,NA,NA,NA,NA,NA
"155","OWID_EUN","European Union","",56238085,904490,743184926,447189915,NA,NA,NA,NA,NA,NA
"156","OWID_EUR","Europe","",88628941,1530660,1102307999,748962983,NA,NA,NA,NA,NA,NA
"157","OWID_HIC","High income","",135057382,1942798,2045828178,1214930230,NA,NA,NA,NA,NA,NA
"158","OWID_INT","International","",721,15,NA,NA,NA,NA,NA,NA,NA,NA
"159","OWID_KOS","Kosovo","Europe",161484,2990,1673578,1782115,168.155,NA,NA,9795.834,NA,NA
"160","OWID_LIC","Low income","",1557370,38409,74525163,665149040,NA,NA,NA,NA,NA,NA
"161","OWID_LMC","Lower middle income","",65654258,1194996,2813056649,3330652550,NA,NA,NA,NA,NA,NA
"162","OWID_NAM","North America","",64960369,1224520,834566553,596581283,NA,NA,NA,NA,NA,NA
"163","OWID_OCE","Oceania","",588820,4517,54155174,43219954,NA,NA,NA,NA,NA,NA
"164","OWID_SAM","South America","",39772404,1191976,649505844,434260137,NA,NA,NA,NA,NA,NA
"165","OWID_UMC","Upper middle income","",86355602,2263551,4234910424,2513672790,NA,NA,NA,NA,NA,NA
"166","OWID_WRL","World","",288631129,5439805,9168385980,7874965730,58.045,30.9,8.696,15469.207,72.58,NA
"167","PAK","Pakistan","Asia",1295933,28933,NA,225199929,255.573,23.5,4.495,5034.708,67.27,3589651303
"168","PAN","Panama","North America",495920,7428,5892548,4381583,55.133,29.7,7.918,22267.037,78.51,147697394.8
"169","PER","Peru","South America",2296831,202690,50200142,33359415,25.129,29.1,7.151,12236.706,76.74,957010020
"170","PHL","Philippines","Asia",2843979,51504,NA,111046910,351.873,25.2,4.803,7599.188,71.23,776490982
"171","PLW","Palau","Oceania",10,NA,NA,18174,47.237,NA,NA,13240.405,73.7,NA
"172","PNG","Papua New Guinea","Oceania",36158,590,NA,9119005,18.22,22.6,3.808,3823.194,64.5,26775551.1
"173","POL","Poland","Europe",4108215,97054,46987401,37797000,124.027,41.8,16.763,27216.445,78.73,5299831663
"174","PRT","Portugal","Europe",1389646,18955,19323286,10167923,112.371,46.2,21.502,27936.896,82.05,2714695391
"175","PRY","Paraguay","South America",466101,16624,NA,7219641,17.144,26.5,6.378,8827.01,74.25,57869739.48
"176","PSE","Palestine","Asia",469748,4919,NA,5222756,778.202,20.4,3.043,4449.898,74.05,NA
"177","PYF","French Polynesia","Oceania",46382,636,NA,282534,77.324,32.7,7.775,NA,77.66,NA
"178","QAT","Qatar","Asia",250528,618,5205664,2930524,227.322,31.9,1.307,116935.6,80.23,919869739.5
"179","ROU","Romania","Europe",1808891,58752,15824909,19127772,85.129,43,17.85,23313.199,76.05,1951160321
"180","RUS","Russia","Europe",10320405,302671,146364014,145912022,8.823,39.6,14.178,24765.954,72.58,21227829660
"181","RWA","Rwanda","Africa",111786,1350,NA,13276517,494.869,20.3,2.974,1854.211,69.02,62188376.75
"182","SAU","Saudi Arabia","Asia",556236,8877,50894142,35340680,15.322,31.9,3.295,49045.411,75.13,25515372750
"183","SDN","Sudan","Africa",46518,3331,NA,44909351,23.258,19.7,3.548,4466.507,65.31,452593186.4
"184","SEN","Senegal","Africa",75055,1890,NA,17196308,82.328,18.7,3.008,2470.58,67.94,128695390.8
"185","SGP","Singapore","Asia",279405,828,11679603,5453600,7915.731,42.4,12.922,85535.383,83.62,5459621242
"186","SHN","Saint Helena","Africa",4,NA,NA,6095,NA,NA,NA,NA,80.56,NA
"187","SLB","Solomon Islands","Oceania",24,NA,NA,703995,21.841,20.8,3.507,2205.923,73,NA
"188","SLE","Sierra Leone","Africa",7064,123,NA,8141343,104.7,19.1,2.538,1390.3,54.7,24184368.74
"189","SLV","El Salvador","North America",121945,3824,NA,6518500,307.811,27.6,8.273,7292.458,73.32,91555110.22
"190","SMR","San Marino","Europe",8202,100,NA,34010,556.667,NA,NA,56861.47,84.97,NA
"191","SOM","Somalia","Africa",23532,1333,NA,16359500,23.5,16.8,2.731,NA,57.4,NA
"192","SPM","Saint Pierre and Miquelon","North America",100,NA,NA,5771,NA,NA,NA,NA,81.07,NA
"193","SRB","Serbia","Europe",1299339,12714,NA,6871547,80.291,41.2,17.366,14048.881,76,701346693.4
"194","SSD","South Sudan","Africa",15242,135,NA,11381377,NA,19.2,3.441,1569.888,57.85,NA
"195","STP","Sao Tome and Principe","Africa",3897,57,NA,223364,212.841,18.7,2.886,3052.714,70.39,NA
"196","SUR","Suriname","South America",52446,1189,NA,591798,3.612,29.6,6.933,13767.119,71.68,17274549.1
"197","SVK","Slovakia","Europe",1371082,16635,NA,5449270,113.128,41.2,15.07,30155.152,77.54,792038076.2
"198","SVN","Slovenia","Europe",464048,5589,2762114,2078723,102.619,44.5,19.062,31400.84,81.32,543284569.1
"199","SWE","Sweden","Europe",1314784,15310,NA,10160159,24.718,41,19.985,46949.283,82.8,5187547094
"200","SWZ","Eswatini","Africa",66109,1303,NA,1172369,79.492,21.5,3.163,7738.975,60.19,NA
"201","SXM","Sint Maarten (Dutch part)","North America",NA,NA,NA,43421,1209.088,NA,NA,36327.232,78.95,NA
"202","SYC","Seychelles","Africa",24788,134,NA,98910,208.354,36.2,8.606,26382.287,73.4,12955911.82
"203","SYR","Syria","Asia",50278,2897,NA,18275704,NA,21.7,NA,NA,72.7,1502022044
"204","TCA","Turks and Caicos Islands","North America",3284,26,NA,39226,37.312,NA,NA,NA,80.22,NA
"205","TCD","Chad","Africa",5703,181,NA,16914985,11.833,16.7,2.486,1768.153,54.24,50959919.84
"206","TGO","Togo","Africa",30163,248,2413619,8478242,143.366,19.4,2.839,1429.813,61.04,29366733.47
"207","THA","Thailand","Asia",2223435,21698,105160269,69950844,135.132,40.1,11.373,16277.671,77.15,2049625251
"208","TJK","Tajikistan","Asia",17493,125,NA,9749625,64.281,23.3,3.466,2896.913,71.1,63052104.21
"209","TKM","Turkmenistan",NA,NA,NA,NA,NA,NA,NA,NA,NA,NA,158925851.7
"210","TLS","Timor","Asia",19837,122,NA,1343875,87.176,18,3.556,6570.102,69.5,NA
"211","TON","Tonga","Oceania",1,NA,NA,106759,150.028,22.3,5.82,5425.621,70.91,NA
"212","TTO","Trinidad and Tobago","North America",91899,2869,1408384,1403374,266.886,36.2,10.014,28763.071,73.51,44913827.66
"213","TUN","Tunisia","Africa",726706,25569,12156566,11935764,74.228,32.7,8.001,10849.297,76.7,433591182.4
"214","TUR","Turkey","Asia",9482550,82361,131646005,85042736,104.914,31.6,8.153,25129.341,77.69,11261278560
"215","TWN","Taiwan","Asia",17029,850,34872136,23855008,NA,42.2,NA,NA,80.46,6683523046
"216","TZA","Tanzania","Africa",29306,737,NA,61498438,64.699,17.7,3.108,2683.304,65.46,126967935.9
"217","UGA","Uganda","Africa",140737,3294,NA,47123533,213.759,16.4,2.168,1697.707,63.37,165835671.3
"218","UKR","Ukraine","Europe",3847226,102088,28457565,43466822,77.39,41.4,16.462,7894.393,72.06,1096070140
"219","URY","Uruguay","South America",413383,6170,6968015,3485152,19.751,35.6,14.655,20551.409,77.91,196066132.3
"220","USA","United States","North America",54790416,827799,514858312,332915074,35.608,38.3,15.413,54225.446,78.86,450727535100
"221","UZB","Uzbekistan","Asia",198903,1485,NA,33935765,76.134,28.2,4.469,6253.104,71.72,73416833.67
"222","VAT","Vatican","Europe",27,NA,NA,812,NA,NA,NA,NA,75.12,NA
"223","VCT","Saint Vincent and the Grenadines","North America",5850,81,NA,111269,281.787,31.8,7.724,10727.146,72.53,NA
"224","VEN","Venezuela","South America",444635,5328,NA,28704947,36.253,29,6.614,16745.022,72.06,2235326653
"225","VGB","British Virgin Islands","North America",3492,39,NA,30423,207.973,NA,NA,NA,79.07,NA
"226","VNM","Vietnam","Asia",1731257,32394,NA,98168829,308.127,32.6,7.15,6171.884,75.4,2970358717
"227","VUT","Vanuatu","Oceania",7,1,NA,314464,22.662,23.1,4.394,2921.909,70.47,NA
"228","WLF","Wallis and Futuna","Oceania",454,7,NA,11094,NA,NA,NA,NA,79.94,NA
"229","WSM","Samoa","Oceania",3,NA,NA,200144,69.413,22,5.606,6021.557,73.32,NA
"230","YEM","Yemen","Asia",10126,1984,NA,30490639,53.508,20.3,2.922,1479.147,66.12,711711422.8
"231","ZAF","South Africa","Africa",3458286,91145,NA,60041996,46.754,27.3,5.344,12294.876,64.13,3046366733
"232","ZMB","Zambia","Africa",254274,3734,1730165,18920657,22.995,17.7,2.48,3689.251,63.89,259118236.5
"233","ZWE","Zimbabwe","Africa",213258,5004,7259546,15092171,42.729,19.6,2.822,1899.775,61.49,134741483
