"","Country.Code","Country.Name","gdp","milexp","population"
"3","AFG","Afghanistan",20.6219464757248,0.279576954925193,38928341
"5","AGO","Angola",104.128680882974,0.993594404625879,32866268
"6","ALB","Albania",12.4578625709615,0.222022691273437,2837743
"10","ARG","Argentina",514.772410744886,2.90718537414966,45376763
"11","ARM","Armenia",11.9153010053428,0.63396040011526,2963234
"14","AUS","Australia",1490.96783628724,27.536235375086,25687041
"15","AUT","Austria",386.35882835998,3.60161860253049,8917205
"16","AZE","Azerbaijan",51.3071859727133,2.23776470588235,10093121
"17","BDI","Burundi",3.21873273547832,0.067474092716297,11890781
"18","BEL","Belgium",466.648941451321,5.46118773509632,11555997
"19","BEN","Benin",14.7255586734836,0.0718178184788086,12123198
"20","BFA","Burkina Faso",15.2912092074632,0.382464677360491,20903278
"21","BGD","Bangladesh",270.695543283145,4.55817146763472,164689383
"22","BGR","Bulgaria",54.9237179777828,1.247231612076,6934015
"23","BHR","Bahrain",33.2061793380924,1.40478723404255,1701583
"25","BIH","Bosnia and Herzegovina",17.8251644735196,0.167521865889213,3280815
"26","BLR","Belarus",58.4823529247647,0.84451294094623,9379952
"27","BLZ","Belize",1.57795571095098,0.024507025,397621
"29","BOL","Bolivia",34.8209612465927,0.608968414952188,11673029
"30","BRA","Brazil",1749.10472208575,19.7363477585872,212559409
"32","BRN","Brunei Darussalam",13.4293619057745,0.436548223350254,437483
"34","BWA","Botswana",14.8133767188645,0.54575678040245,2351625
"35","CAF","Central African Republic",2.00143787250299,0.0413036300762855,4829764
"36","CAN","Canada",1600.3311946891,22.7548471290082,38005238
"38","CHE","Switzerland",740.026236249648,5.70181043663472,8636896
"40","CHL","Chile",247.639120221194,4.6007396972954,19116209
"41","CHN","China",14631.8444211642,252.304223741309,1410929362
"42","CIV","Cote d'Ivoire",61.0338782891137,0.6071558899682,26378275
"43","CMR","Cameroon",37.6865448997458,0.393299390063774,26545864
"44","COD","Congo, Dem. Rep.",45.2597067475848,0.362091615539271,89561404
"45","COG","Congo, Rep.",8.87739199921642,0.298382191947452,5518092
"46","COL","Colombia",299.826459539862,9.21642043593263,50882884
"48","CPV","Cabo Verde",1.63200327760234,0.011279268103582,555988
"49","CRI","Costa Rica",61.6689795113658,0,5094114
"54","CYP","Cyprus",23.5797905613669,0.418784908241195,1207361
"55","CZE","Czech Republic",203.104100818131,3.25248783009521,10698896
"56","DEU","Germany",3434.43599158948,52.7647611991337,83240525
"59","DNK","Denmark",327.737534762376,4.95336391437309,5831404
"60","DOM","Dominican Republic",83.2870650548355,0.599052525398084,10847904
"61","DZA","Algeria",168.144148735467,9.70827744022726,43851043
"67","ECU","Ecuador",93.8200988989847,2.2435,17643060
"68","EGY","Egypt, Arab Rep.",412.246049856462,4.50537464432501,102334403
"71","ESP","Spain",1180.73023758572,17.4317793229226,47351567
"72","EST","Estonia",26.2693479548905,0.701014476233899,1331057
"73","ETH","Ethiopia",95.0691739392885,0.461257623915471,114963583
"76","FIN","Finland",247.627994062826,4.08754131995897,5530719
"77","FJI","Fiji",4.40251131087186,0.0735107818265683,896444
"78","FRA","France",2410.28564951437,52.7470648580873,67391582
"81","GAB","Gabon",15.1761193289266,0.271499817540445,2225728
"82","GBR","United Kingdom",2882.1158876229,59.23846225,67215293
"83","GEO","Georgia",16.5573908694311,0.292168284789644,3714000
"84","GHA","Ghana",62.7245946227784,0.239887164283223,31072945
"86","GIN","Guinea",12.9227769213699,0.209670400432057,13132792
"87","GMB","Gambia, The",1.67283303760516,0.0148049576501671,2416664
"88","GNB","Guinea-Bissau",1.2187598240375,0.0233066884459659,1967998
"90","GRC","Greece",185.300000452356,5.30137923173373,10715549
"93","GTM","Guatemala",69.5609465546216,0.342766481025774,16858333
"95","GUY","Guyana",7.27590803411422,0.0660168583401902,786559
"98","HND","Honduras",22.0223612250611,0.40265908262018,9904608
"100","HRV","Croatia",52.5578937794932,1.03492591472634,4047200
"101","HTI","Haiti",14.9567953154134,0.000263808847832535,11402533
"102","HUN","Hungary",140.096898857097,2.40953234722845,9749763
"107","IDN","Indonesia",1027.60285405275,9.39552953138874,273523621
"110","IND","India",2500.13219225207,72.8874466043041,1380004385
"112","IRL","Ireland",392.377013983203,1.14442038071355,4994724
"113","IRN","Iran, Islamic Rep.",410.188057889547,15.8251431212886,83992953
"114","IRQ","Iraq",170.857727944571,7.01555880823282,40222503
"115","ISL","Iceland",19.4914486320679,0,366425
"116","ISR","Israel",345.459861240942,21.7044534883721,9216900
"117","ITA","Italy",1744.7319517974,28.9213427561837,59554023
"118","JAM","Jamaica",13.4407154544634,0.244432800536325,2961161
"119","JOR","Jordan",41.1080736169012,2.07704225352113,10203140
"120","JPN","Japan",4380.75653055584,49.1485570032878,125836021
"121","KAZ","Kazakhstan",205.829297738039,1.73291721419185,18754440
"122","KEN","Kenya",83.8591096427977,1.10621754359605,53771300
"123","KGZ","Kyrgyz Republic",7.23813948507632,0.127499245789448,6591600
"124","KHM","Cambodia",23.0121927560004,0.646974133281472,16718971
"127","KOR","Korea, Rep.",1623.89508092374,45.7353925964856,51780579
"128","KWT","Kuwait",104.326525025932,6.94104234527687,4270563
"131","LBN","Lebanon",36.7368298678828,1.92139303482587,6825442
"132","LBR","Liberia",3.11554265148219,0.016937,5057677
"139","LKA","Sri Lanka",88.832160056326,1.57366377218057,21919000
"142","LSO","Lesotho",2.10577036101415,0.0380495506436726,2142252
"144","LTU","Lithuania",48.091287110449,1.17063718226376,2794700
"145","LUX","Luxembourg",66.0912912034122,0.489530773582799,632275
"146","LVA","Latvia",29.6045579710212,0.756867662145218,1901548
"149","MAR","Morocco",105.726171616036,4.83095639351169,36910558
"151","MDA","Moldova",8.51740987567267,0.0445337806571032,2620495
"152","MDG","Madagascar",12.244773575743,0.0873577520692398,27691019
"155","MEX","Mexico",1148.74926821683,6.11637658227848,128932753
"158","MKD","North Macedonia",10.6028999146751,0.157975516846037,2072531
"159","MLI","Mali",15.8307139229713,0.593365423045511,20250834
"160","MLT","Malta",12.8862700205634,0.0806132451840875,525285
"161","MMR","Myanmar",86.3430283446817,2.44582178160336,54409794
"163","MNE","Montenegro",4.0463283704823,0.102090504958395,621306
"164","MNG","Mongolia",13.5285247246473,0.112178387650086,3278292
"166","MOZ","Mozambique",17.9592222323238,0.153741947570941,31255435
"167","MRT","Mauritania",7.20677416345007,0.200167464114833,4649660
"168","MUS","Mauritius",11.4653350413424,0.018057856505671,1265740
"169","MWI","Malawi",7.53726276022866,0.0925348300439039,19129955
"170","MYS","Malaysia",344.099347074638,3.80771061399334,32365998
"172","NAM","Namibia",10.2852777421275,0.373840174884625,2540916
"174","NER","Niger",12.6493127906637,0.239545067510035,24206636
"175","NGA","Nigeria",493.917966761433,2.56791781904386,206139587
"176","NIC","Nicaragua",12.7347369538557,0.0780386459392707,6624554
"177","NLD","Netherlands",808.007359760319,12.5783654394164,17441139
"178","NOR","Norway",403.779725121422,7.11253848603886,5379475
"179","NPL","Nepal",29.9661370236247,0.424265022410169,29136808
"181","NZL","New Zealand",204.482365452675,3.01138870863076,5084300
"185","PAK","Pakistan",319.589670093838,10.3763816208134,220892331
"186","PAN","Panama",52.5206972092337,0,4314768
"187","PER","Peru",190.979128768533,2.63312338963642,32971846
"188","PHL","Philippines",358.294070260977,3.73267366639125,109581085
"190","PNG","Papua New Guinea",23.8546640823199,0.0858870967741936,8947027
"191","POL","Poland",555.630454967502,13.0266803488969,37950802
"195","PRT","Portugal",203.507675081482,4.63912002735666,10305564
"196","PRY","Paraguay",40.4468086609894,0.364342199983714,7132530
"202","ROU","Romania",208.838846565924,5.72684421399953,19286123
"203","RUS","Russian Federation",1416.1244313283,61.7125371689371,144104080
"204","RWA","Rwanda",10.8071886923483,0.143021890529578,12952209
"205","SAS","South Asia",3235.66007305152,90.0995054422682,1856882402
"206","SAU","Saudi Arabia",650.714601909915,57.519424,34813867
"207","SDN","Sudan",49.4498880253069,0.934311153803525,43849269
"208","SEN","Senegal",22.8527559344895,0.393007454776096,16743930
"209","SGP","Singapore",330.099796334012,10.8555837563452,5685807
"211","SLE","Sierra Leone",4.976753933906,0.0238273810780594,7976985
"212","SLV","El Salvador",23.5608259969743,0.37228,6486201
"214","SOM","Somalia",5.15191435419933,0.098385,15893219
"215","SRB","Serbia",45.184791299441,1.12121178340862,6908224
"222","SVK","Slovak Republic",94.7310143122407,1.83745583038869,5458827
"223","SVN","Slovenia",48.1246933108877,0.574831870511798,2100126
"224","SWE","Sweden",533.611847447428,6.45362728062554,10353442
"225","SWZ","Eswatini",4.31963414518863,0.0751097583191644,1160164
"227","SYC","Seychelles",1.38626237734522,0.0188141324626866,98462
"230","TCD","Chad",10.4263434114082,0.32286652649139,16425859
"233","TGO","Togo",5.1876391954239,0.11630493335882,8278737
"234","THA","Thailand",432.649179610326,7.34018855864493,69799978
"235","TJK","Tajikistan",11.4362039545867,0.0803700097370984,9537642
"238","TLS","Timor-Leste",2.09349756869774,0.038456,1318442
"243","TTO","Trinidad and Tobago",20.8137579085789,0.157370326584897,1399491
"244","TUN","Tunisia",44.6815039904623,1.15737236701178,11818618
"245","TUR","Turkey",1015.32666271527,17.7246320660686,84339067
"247","TZA","Tanzania",61.522709091989,0.659313034174651,59734213
"248","UGA","Uganda",40.7687659399399,0.984759731680869,45741000
"249","UKR","Ukraine",97.8663388561037,5.9242008803055,44134693
"251","URY","Uruguay",52.2609722818054,1.16360769769087,3473727
"252","USA","United States",19247.059,778.2322,329484123
"262","XKX","Kosovo",7.14436759023064,0.0789650062692351,1775378
"264","ZAF","South Africa",335.640150576122,3.15082888025261,59308690
"265","ZMB","Zambia",23.4189457368993,0.212142427391566,18383956
